weapon,stage,frame_index,prompt,job_id,source_path,adopted_path,status,rejection_reason
"Hwando","blade_flight","seed","PixelLab seed prompt: blade_flight; Joseon folk-fantasy pixel art VFX; transparent; crisp hard pixels; one isolated centered asset; high top-down mobile readability","1a9c3755-15f9-4d23-8146-3a22ab040cd1","https://api.pixellab.ai/mcp/images/1a9c3755-15f9-4d23-8146-3a22ab040cd1/download","","source_seed","used as the animation seed"
"Hwando","blade_flight","0","PixelLab animation prompt: animate blade_flight around a stable centered pivot","c75700ef-240d-4393-8345-b8f981da29bf","https://api.pixellab.ai/mcp/images/c75700ef-240d-4393-8345-b8f981da29bf/download?index=0","Assets/JoseonHunter/Art/Weapons/Runtime/Polish/Hwando/hwando_blade.png","adopted",""
"Hwando","blade_flight","1","PixelLab animation prompt: animate blade_flight around a stable centered pivot","c75700ef-240d-4393-8345-b8f981da29bf","https://api.pixellab.ai/mcp/images/c75700ef-240d-4393-8345-b8f981da29bf/download?index=1","Assets/JoseonHunter/Art/Weapons/Runtime/Polish/Hwando/hwando_blade_02.png","adopted",""
"Hwando","blade_flight","2","PixelLab animation prompt: animate blade_flight around a stable centered pivot","c75700ef-240d-4393-8345-b8f981da29bf","https://api.pixellab.ai/mcp/images/c75700ef-240d-4393-8345-b8f981da29bf/download?index=2","Assets/JoseonHunter/Art/Weapons/Runtime/Polish/Hwando/hwando_blade_03.png","adopted",""
"Hwando","blade_flight","3","PixelLab animation prompt: animate blade_flight around a stable centered pivot","c75700ef-240d-4393-8345-b8f981da29bf","https://api.pixellab.ai/mcp/images/c75700ef-240d-4393-8345-b8f981da29bf/download?index=3","Assets/JoseonHunter/Art/Weapons/Runtime/Polish/Hwando/hwando_blade_04.png","adopted",""
"Hwando","blade_flight","4","PixelLab animation prompt: animate blade_flight around a stable centered pivot","c75700ef-240d-4393-8345-b8f981da29bf","https://api.pixellab.ai/mcp/images/c75700ef-240d-4393-8345-b8f981da29bf/download?index=4","","rejected","extra generated frame not adopted"
"Hwando","return_afterimage","seed","PixelLab seed prompt: return_afterimage; Joseon folk-fantasy pixel art VFX; transparent; crisp hard pixels; one isolated centered asset; high top-down mobile readability","0edcc192-800b-4a43-b891-39970610a51a","https://api.pixellab.ai/mcp/images/0edcc192-800b-4a43-b891-39970610a51a/download","","source_seed","used as the animation seed"
"Hwando","return_afterimage","0","PixelLab animation prompt: animate return_afterimage around a stable centered pivot","3a160fed-bb16-42da-9ab2-1b708e63bcc5","https://api.pixellab.ai/mcp/images/3a160fed-bb16-42da-9ab2-1b708e63bcc5/download?index=0","Assets/JoseonHunter/Art/Weapons/Runtime/Polish/Hwando/hwando_afterimage.png","adopted",""
"Hwando","return_afterimage","1","PixelLab animation prompt: animate return_afterimage around a stable centered pivot","3a160fed-bb16-42da-9ab2-1b708e63bcc5","https://api.pixellab.ai/mcp/images/3a160fed-bb16-42da-9ab2-1b708e63bcc5/download?index=1","Assets/JoseonHunter/Art/Weapons/Runtime/Polish/Hwando/hwando_afterimage_02.png","adopted",""
"Hwando","return_afterimage","2","PixelLab animation prompt: animate return_afterimage around a stable centered pivot","3a160fed-bb16-42da-9ab2-1b708e63bcc5","https://api.pixellab.ai/mcp/images/3a160fed-bb16-42da-9ab2-1b708e63bcc5/download?index=2","Assets/JoseonHunter/Art/Weapons/Runtime/Polish/Hwando/hwando_afterimage_03.png","adopted",""
"Hwando","return_afterimage","3","PixelLab animation prompt: animate return_afterimage around a stable centered pivot","3a160fed-bb16-42da-9ab2-1b708e63bcc5","https://api.pixellab.ai/mcp/images/3a160fed-bb16-42da-9ab2-1b708e63bcc5/download?index=3","Assets/JoseonHunter/Art/Weapons/Runtime/Polish/Hwando/hwando_afterimage_04.png","adopted",""
"Hwando","return_afterimage","4","PixelLab animation prompt: animate return_afterimage around a stable centered pivot","3a160fed-bb16-42da-9ab2-1b708e63bcc5","https://api.pixellab.ai/mcp/images/3a160fed-bb16-42da-9ab2-1b708e63bcc5/download?index=4","","rejected","extra generated frame not adopted"
"Hwando","contact_spark","seed","PixelLab seed prompt: contact_spark; Joseon folk-fantasy pixel art VFX; transparent; crisp hard pixels; one isolated centered asset; high top-down mobile readability","1a135192-c196-48cd-95c7-fe1e8d833a95","https://api.pixellab.ai/mcp/images/1a135192-c196-48cd-95c7-fe1e8d833a95/download","","source_seed","used as the animation seed"
"Hwando","contact_spark","0","PixelLab animation prompt: animate contact_spark around a stable centered pivot","d621c75b-f94b-4b57-8531-83718a46897a","https://api.pixellab.ai/mcp/images/d621c75b-f94b-4b57-8531-83718a46897a/download?index=0","Assets/JoseonHunter/Art/Weapons/Runtime/Polish/Hwando/hwando_contact_spark.png","adopted",""
"Hwando","contact_spark","1","PixelLab animation prompt: animate contact_spark around a stable centered pivot","d621c75b-f94b-4b57-8531-83718a46897a","https://api.pixellab.ai/mcp/images/d621c75b-f94b-4b57-8531-83718a46897a/download?index=1","Assets/JoseonHunter/Art/Weapons/Runtime/Polish/Hwando/hwando_contact_spark_02.png","adopted",""
"Hwando","contact_spark","2","PixelLab animation prompt: animate contact_spark around a stable centered pivot","d621c75b-f94b-4b57-8531-83718a46897a","https://api.pixellab.ai/mcp/images/d621c75b-f94b-4b57-8531-83718a46897a/download?index=2","Assets/JoseonHunter/Art/Weapons/Runtime/Polish/Hwando/hwando_contact_spark_03.png","adopted",""
"Hwando","contact_spark","3","PixelLab animation prompt: animate contact_spark around a stable centered pivot","d621c75b-f94b-4b57-8531-83718a46897a","https://api.pixellab.ai/mcp/images/d621c75b-f94b-4b57-8531-83718a46897a/download?index=3","Assets/JoseonHunter/Art/Weapons/Runtime/Polish/Hwando/hwando_contact_spark_04.png","adopted",""
"Hwando","contact_spark","4","PixelLab animation prompt: animate contact_spark around a stable centered pivot","d621c75b-f94b-4b57-8531-83718a46897a","https://api.pixellab.ai/mcp/images/d621c75b-f94b-4b57-8531-83718a46897a/download?index=4","","rejected","extra generated frame not adopted"
"Gakgung","draw_glint","seed","PixelLab seed prompt: draw_glint; Joseon folk-fantasy pixel art VFX; transparent; crisp hard pixels; one isolated centered asset; high top-down mobile readability","9413f640-6d07-4862-b1ad-535751b95d37","https://api.pixellab.ai/mcp/images/9413f640-6d07-4862-b1ad-535751b95d37/download","","source_seed","used as the animation seed"
"Gakgung","draw_glint","0","PixelLab animation prompt: animate draw_glint around a stable centered pivot","57fa5844-1d54-45f2-aa0b-f8f0e42d984d","https://api.pixellab.ai/mcp/images/57fa5844-1d54-45f2-aa0b-f8f0e42d984d/download?index=0","Assets/JoseonHunter/Art/Weapons/Runtime/Polish/Gakgung/gakgung_aim_glint.png","adopted",""
"Gakgung","draw_glint","1","PixelLab animation prompt: animate draw_glint around a stable centered pivot","57fa5844-1d54-45f2-aa0b-f8f0e42d984d","https://api.pixellab.ai/mcp/images/57fa5844-1d54-45f2-aa0b-f8f0e42d984d/download?index=1","Assets/JoseonHunter/Art/Weapons/Runtime/Polish/Gakgung/gakgung_aim_glint_02.png","adopted",""
"Gakgung","draw_glint","2","PixelLab animation prompt: animate draw_glint around a stable centered pivot","57fa5844-1d54-45f2-aa0b-f8f0e42d984d","https://api.pixellab.ai/mcp/images/57fa5844-1d54-45f2-aa0b-f8f0e42d984d/download?index=2","Assets/JoseonHunter/Art/Weapons/Runtime/Polish/Gakgung/gakgung_aim_glint_03.png","adopted",""
"Gakgung","draw_glint","3","PixelLab animation prompt: animate draw_glint around a stable centered pivot","57fa5844-1d54-45f2-aa0b-f8f0e42d984d","https://api.pixellab.ai/mcp/images/57fa5844-1d54-45f2-aa0b-f8f0e42d984d/download?index=3","","rejected","extra generated frame not adopted"
"Gakgung","draw_glint","4","PixelLab animation prompt: animate draw_glint around a stable centered pivot","57fa5844-1d54-45f2-aa0b-f8f0e42d984d","https://api.pixellab.ai/mcp/images/57fa5844-1d54-45f2-aa0b-f8f0e42d984d/download?index=4","","rejected","extra generated frame not adopted"
"Gakgung","arrow_flight","seed","PixelLab seed prompt: arrow_flight; Joseon folk-fantasy pixel art VFX; transparent; crisp hard pixels; one isolated centered asset; high top-down mobile readability","b41cf17f-6661-4da1-8ca0-48d6127315d0","https://api.pixellab.ai/mcp/images/b41cf17f-6661-4da1-8ca0-48d6127315d0/download","","source_seed","used as the animation seed"
"Gakgung","arrow_flight","0","PixelLab animation prompt: animate arrow_flight around a stable centered pivot","f083a345-e472-4cf2-905f-c6e0c3982741","https://api.pixellab.ai/mcp/images/f083a345-e472-4cf2-905f-c6e0c3982741/download?index=0","Assets/JoseonHunter/Art/Weapons/Runtime/Polish/Gakgung/gakgung_arrow.png","adopted",""
"Gakgung","arrow_flight","1","PixelLab animation prompt: animate arrow_flight around a stable centered pivot","f083a345-e472-4cf2-905f-c6e0c3982741","https://api.pixellab.ai/mcp/images/f083a345-e472-4cf2-905f-c6e0c3982741/download?index=1","Assets/JoseonHunter/Art/Weapons/Runtime/Polish/Gakgung/gakgung_arrow_02.png","adopted",""
"Gakgung","arrow_flight","2","PixelLab animation prompt: animate arrow_flight around a stable centered pivot","f083a345-e472-4cf2-905f-c6e0c3982741","https://api.pixellab.ai/mcp/images/f083a345-e472-4cf2-905f-c6e0c3982741/download?index=2","Assets/JoseonHunter/Art/Weapons/Runtime/Polish/Gakgung/gakgung_arrow_03.png","adopted",""
"Gakgung","arrow_flight","3","PixelLab animation prompt: animate arrow_flight around a stable centered pivot","f083a345-e472-4cf2-905f-c6e0c3982741","https://api.pixellab.ai/mcp/images/f083a345-e472-4cf2-905f-c6e0c3982741/download?index=3","","rejected","extra generated frame not adopted"
"Gakgung","arrow_flight","4","PixelLab animation prompt: animate arrow_flight around a stable centered pivot","f083a345-e472-4cf2-905f-c6e0c3982741","https://api.pixellab.ai/mcp/images/f083a345-e472-4cf2-905f-c6e0c3982741/download?index=4","","rejected","extra generated frame not adopted"
"Gakgung","impact_splinter","seed","PixelLab seed prompt: impact_splinter; Joseon folk-fantasy pixel art VFX; transparent; crisp hard pixels; one isolated centered asset; high top-down mobile readability","3226b515-bc76-4b4a-8fcc-f11c0a971e3f","https://api.pixellab.ai/mcp/images/3226b515-bc76-4b4a-8fcc-f11c0a971e3f/download","","source_seed","used as the animation seed"
"Gakgung","impact_splinter","0","PixelLab animation prompt: animate impact_splinter around a stable centered pivot","e127c33f-3f15-4c1d-a2fc-0933c933ce93","https://api.pixellab.ai/mcp/images/e127c33f-3f15-4c1d-a2fc-0933c933ce93/download?index=0","","rejected","multiple independent asset islands; replaced by PixelLab repair"
"Gakgung","impact_splinter","1","PixelLab animation prompt: animate impact_splinter around a stable centered pivot","e127c33f-3f15-4c1d-a2fc-0933c933ce93","https://api.pixellab.ai/mcp/images/e127c33f-3f15-4c1d-a2fc-0933c933ce93/download?index=1","Assets/JoseonHunter/Art/Weapons/Runtime/Polish/Gakgung/gakgung_impact_splinter_02.png","adopted",""
"Gakgung","impact_splinter","2","PixelLab animation prompt: animate impact_splinter around a stable centered pivot","e127c33f-3f15-4c1d-a2fc-0933c933ce93","https://api.pixellab.ai/mcp/images/e127c33f-3f15-4c1d-a2fc-0933c933ce93/download?index=2","","rejected","multiple independent asset islands; replaced by PixelLab repair"
"Gakgung","impact_splinter","3","PixelLab animation prompt: animate impact_splinter around a stable centered pivot","e127c33f-3f15-4c1d-a2fc-0933c933ce93","https://api.pixellab.ai/mcp/images/e127c33f-3f15-4c1d-a2fc-0933c933ce93/download?index=3","","rejected","multiple independent asset islands; replaced by PixelLab repair"
"Gakgung","impact_splinter","4","PixelLab animation prompt: animate impact_splinter around a stable centered pivot","e127c33f-3f15-4c1d-a2fc-0933c933ce93","https://api.pixellab.ai/mcp/images/e127c33f-3f15-4c1d-a2fc-0933c933ce93/download?index=4","","rejected","multiple independent asset islands; replaced by PixelLab repair"
"Talisman","rotating_talisman","seed","PixelLab seed prompt: rotating_talisman; Joseon folk-fantasy pixel art VFX; transparent; crisp hard pixels; one isolated centered asset; high top-down mobile readability","70c9187c-c73f-4618-86ee-7b6afdaa8427","https://api.pixellab.ai/mcp/images/70c9187c-c73f-4618-86ee-7b6afdaa8427/download","","source_seed","used as the animation seed"
"Talisman","rotating_talisman","0","PixelLab animation prompt: animate rotating_talisman around a stable centered pivot","14b2e974-9820-4005-a802-098c5c6b1ba1","https://api.pixellab.ai/mcp/images/14b2e974-9820-4005-a802-098c5c6b1ba1/download?index=0","Assets/JoseonHunter/Art/Weapons/Runtime/Polish/Talisman/talisman_rotate_01.png","adopted",""
"Talisman","rotating_talisman","1","PixelLab animation prompt: animate rotating_talisman around a stable centered pivot","14b2e974-9820-4005-a802-098c5c6b1ba1","https://api.pixellab.ai/mcp/images/14b2e974-9820-4005-a802-098c5c6b1ba1/download?index=1","Assets/JoseonHunter/Art/Weapons/Runtime/Polish/Talisman/talisman_rotate_02.png","adopted",""
"Talisman","rotating_talisman","2","PixelLab animation prompt: animate rotating_talisman around a stable centered pivot","14b2e974-9820-4005-a802-098c5c6b1ba1","https://api.pixellab.ai/mcp/images/14b2e974-9820-4005-a802-098c5c6b1ba1/download?index=2","Assets/JoseonHunter/Art/Weapons/Runtime/Polish/Talisman/talisman_rotate_03.png","adopted",""
"Talisman","rotating_talisman","3","PixelLab animation prompt: animate rotating_talisman around a stable centered pivot","14b2e974-9820-4005-a802-098c5c6b1ba1","https://api.pixellab.ai/mcp/images/14b2e974-9820-4005-a802-098c5c6b1ba1/download?index=3","Assets/JoseonHunter/Art/Weapons/Runtime/Polish/Talisman/talisman_rotate_04.png","adopted",""
"Talisman","rotating_talisman","4","PixelLab animation prompt: animate rotating_talisman around a stable centered pivot","14b2e974-9820-4005-a802-098c5c6b1ba1","https://api.pixellab.ai/mcp/images/14b2e974-9820-4005-a802-098c5c6b1ba1/download?index=4","","rejected","extra generated frame not adopted"
"Talisman","seal_pulse","seed","PixelLab seed prompt: seal_pulse; Joseon folk-fantasy pixel art VFX; transparent; crisp hard pixels; one isolated centered asset; high top-down mobile readability","c087274b-9aa2-408c-9417-badaea41f6bc","https://api.pixellab.ai/mcp/images/c087274b-9aa2-408c-9417-badaea41f6bc/download","","source_seed","used as the animation seed"
"Talisman","seal_pulse","0","PixelLab animation prompt: animate seal_pulse around a stable centered pivot","9779d248-c6ad-45aa-9ee2-60995b6b08ff","https://api.pixellab.ai/mcp/images/9779d248-c6ad-45aa-9ee2-60995b6b08ff/download?index=0","Assets/JoseonHunter/Art/Weapons/Runtime/Polish/Talisman/talisman_seal_pulse_01.png","adopted",""
"Talisman","seal_pulse","1","PixelLab animation prompt: animate seal_pulse around a stable centered pivot","9779d248-c6ad-45aa-9ee2-60995b6b08ff","https://api.pixellab.ai/mcp/images/9779d248-c6ad-45aa-9ee2-60995b6b08ff/download?index=1","Assets/JoseonHunter/Art/Weapons/Runtime/Polish/Talisman/talisman_seal_pulse_02.png","adopted",""
"Talisman","seal_pulse","2","PixelLab animation prompt: animate seal_pulse around a stable centered pivot","9779d248-c6ad-45aa-9ee2-60995b6b08ff","https://api.pixellab.ai/mcp/images/9779d248-c6ad-45aa-9ee2-60995b6b08ff/download?index=2","Assets/JoseonHunter/Art/Weapons/Runtime/Polish/Talisman/talisman_seal_pulse_03.png","adopted",""
"Talisman","seal_pulse","3","PixelLab animation prompt: animate seal_pulse around a stable centered pivot","9779d248-c6ad-45aa-9ee2-60995b6b08ff","https://api.pixellab.ai/mcp/images/9779d248-c6ad-45aa-9ee2-60995b6b08ff/download?index=3","Assets/JoseonHunter/Art/Weapons/Runtime/Polish/Talisman/talisman_seal_pulse_04.png","adopted",""
"Talisman","seal_pulse","4","PixelLab animation prompt: animate seal_pulse around a stable centered pivot","9779d248-c6ad-45aa-9ee2-60995b6b08ff","https://api.pixellab.ai/mcp/images/9779d248-c6ad-45aa-9ee2-60995b6b08ff/download?index=4","Assets/JoseonHunter/Art/Weapons/Runtime/Polish/Talisman/talisman_seal_pulse_05.png","adopted",""
"Talisman","binding_closure","seed","PixelLab seed prompt: binding_closure; Joseon folk-fantasy pixel art VFX; transparent; crisp hard pixels; one isolated centered asset; high top-down mobile readability","f6f21d70-1bd5-4b52-91b8-88e6f7413a72","https://api.pixellab.ai/mcp/images/f6f21d70-1bd5-4b52-91b8-88e6f7413a72/download","","source_seed","used as the animation seed"
"Talisman","binding_closure","0","PixelLab animation prompt: animate binding_closure around a stable centered pivot","c1e98943-b7b9-4261-8452-10c69fca3c0e","https://api.pixellab.ai/mcp/images/c1e98943-b7b9-4261-8452-10c69fca3c0e/download?index=0","Assets/JoseonHunter/Art/Weapons/Runtime/Polish/Talisman/talisman_binding_01.png","adopted",""
"Talisman","binding_closure","1","PixelLab animation prompt: animate binding_closure around a stable centered pivot","c1e98943-b7b9-4261-8452-10c69fca3c0e","https://api.pixellab.ai/mcp/images/c1e98943-b7b9-4261-8452-10c69fca3c0e/download?index=1","Assets/JoseonHunter/Art/Weapons/Runtime/Polish/Talisman/talisman_binding_02.png","adopted",""
"Talisman","binding_closure","2","PixelLab animation prompt: animate binding_closure around a stable centered pivot","c1e98943-b7b9-4261-8452-10c69fca3c0e","https://api.pixellab.ai/mcp/images/c1e98943-b7b9-4261-8452-10c69fca3c0e/download?index=2","Assets/JoseonHunter/Art/Weapons/Runtime/Polish/Talisman/talisman_binding_03.png","adopted",""
"Talisman","binding_closure","3","PixelLab animation prompt: animate binding_closure around a stable centered pivot","c1e98943-b7b9-4261-8452-10c69fca3c0e","https://api.pixellab.ai/mcp/images/c1e98943-b7b9-4261-8452-10c69fca3c0e/download?index=3","Assets/JoseonHunter/Art/Weapons/Runtime/Polish/Talisman/talisman_binding_04.png","adopted",""
"Talisman","binding_closure","4","PixelLab animation prompt: animate binding_closure around a stable centered pivot","c1e98943-b7b9-4261-8452-10c69fca3c0e","https://api.pixellab.ai/mcp/images/c1e98943-b7b9-4261-8452-10c69fca3c0e/download?index=4","Assets/JoseonHunter/Art/Weapons/Runtime/Polish/Talisman/talisman_binding_05.png","adopted",""
"Thunder","lob_rotation","seed","PixelLab seed prompt: lob_rotation; Joseon folk-fantasy pixel art VFX; transparent; crisp hard pixels; one isolated centered asset; high top-down mobile readability","905f2e09-a22f-4724-ba45-7a1ea9d188d8","https://api.pixellab.ai/mcp/images/905f2e09-a22f-4724-ba45-7a1ea9d188d8/download","","source_seed","used as the animation seed"
"Thunder","lob_rotation","0","PixelLab animation prompt: animate lob_rotation around a stable centered pivot","46f67160-c097-4d26-a366-4b50d811a9f8","https://api.pixellab.ai/mcp/images/46f67160-c097-4d26-a366-4b50d811a9f8/download?index=0","Assets/JoseonHunter/Art/Weapons/Runtime/Polish/Thunder/thunder_lob_01.png","adopted",""
"Thunder","lob_rotation","1","PixelLab animation prompt: animate lob_rotation around a stable centered pivot","46f67160-c097-4d26-a366-4b50d811a9f8","https://api.pixellab.ai/mcp/images/46f67160-c097-4d26-a366-4b50d811a9f8/download?index=1","Assets/JoseonHunter/Art/Weapons/Runtime/Polish/Thunder/thunder_lob_02.png","adopted",""
"Thunder","lob_rotation","2","PixelLab animation prompt: animate lob_rotation around a stable centered pivot","46f67160-c097-4d26-a366-4b50d811a9f8","https://api.pixellab.ai/mcp/images/46f67160-c097-4d26-a366-4b50d811a9f8/download?index=2","Assets/JoseonHunter/Art/Weapons/Runtime/Polish/Thunder/thunder_lob_03.png","adopted",""
"Thunder","lob_rotation","3","PixelLab animation prompt: animate lob_rotation around a stable centered pivot","46f67160-c097-4d26-a366-4b50d811a9f8","https://api.pixellab.ai/mcp/images/46f67160-c097-4d26-a366-4b50d811a9f8/download?index=3","Assets/JoseonHunter/Art/Weapons/Runtime/Polish/Thunder/thunder_lob_04.png","adopted",""
"Thunder","lob_rotation","4","PixelLab animation prompt: animate lob_rotation around a stable centered pivot","46f67160-c097-4d26-a366-4b50d811a9f8","https://api.pixellab.ai/mcp/images/46f67160-c097-4d26-a366-4b50d811a9f8/download?index=4","Assets/JoseonHunter/Art/Weapons/Runtime/Polish/Thunder/thunder_lob_05.png","adopted",""
"Thunder","lob_rotation","5","PixelLab animation prompt: animate lob_rotation around a stable centered pivot","46f67160-c097-4d26-a366-4b50d811a9f8","https://api.pixellab.ai/mcp/images/46f67160-c097-4d26-a366-4b50d811a9f8/download?index=5","Assets/JoseonHunter/Art/Weapons/Runtime/Polish/Thunder/thunder_lob_06.png","adopted",""
"Thunder","lob_rotation","6","PixelLab animation prompt: animate lob_rotation around a stable centered pivot","46f67160-c097-4d26-a366-4b50d811a9f8","https://api.pixellab.ai/mcp/images/46f67160-c097-4d26-a366-4b50d811a9f8/download?index=6","","rejected","extra generated frame not adopted"
"Thunder","lob_rotation","7","PixelLab animation prompt: animate lob_rotation around a stable centered pivot","46f67160-c097-4d26-a366-4b50d811a9f8","https://api.pixellab.ai/mcp/images/46f67160-c097-4d26-a366-4b50d811a9f8/download?index=7","","rejected","extra generated frame not adopted"
"Thunder","lob_rotation","8","PixelLab animation prompt: animate lob_rotation around a stable centered pivot","46f67160-c097-4d26-a366-4b50d811a9f8","https://api.pixellab.ai/mcp/images/46f67160-c097-4d26-a366-4b50d811a9f8/download?index=8","","rejected","extra generated frame not adopted"
"Thunder","landing_warning","seed","PixelLab seed prompt: landing_warning; Joseon folk-fantasy pixel art VFX; transparent; crisp hard pixels; one isolated centered asset; high top-down mobile readability","2c4cae5b-6329-4f06-90ca-39b6f3a46bae","https://api.pixellab.ai/mcp/images/2c4cae5b-6329-4f06-90ca-39b6f3a46bae/download","","source_seed","used as the animation seed"
"Thunder","landing_warning","0","PixelLab animation prompt: animate landing_warning around a stable centered pivot","f43df976-d18b-4967-9004-c4751e9403b2","https://api.pixellab.ai/mcp/images/f43df976-d18b-4967-9004-c4751e9403b2/download?index=0","","rejected","multiple independent asset islands; replaced by PixelLab repair"
"Thunder","landing_warning","1","PixelLab animation prompt: animate landing_warning around a stable centered pivot","f43df976-d18b-4967-9004-c4751e9403b2","https://api.pixellab.ai/mcp/images/f43df976-d18b-4967-9004-c4751e9403b2/download?index=1","","rejected","multiple independent asset islands; replaced by PixelLab repair"
"Thunder","landing_warning","2","PixelLab animation prompt: animate landing_warning around a stable centered pivot","f43df976-d18b-4967-9004-c4751e9403b2","https://api.pixellab.ai/mcp/images/f43df976-d18b-4967-9004-c4751e9403b2/download?index=2","","rejected","multiple independent asset islands; replaced by PixelLab repair"
"Thunder","landing_warning","3","PixelLab animation prompt: animate landing_warning around a stable centered pivot","f43df976-d18b-4967-9004-c4751e9403b2","https://api.pixellab.ai/mcp/images/f43df976-d18b-4967-9004-c4751e9403b2/download?index=3","","rejected","multiple independent asset islands; replaced by PixelLab repair"
"Thunder","landing_warning","4","PixelLab animation prompt: animate landing_warning around a stable centered pivot","f43df976-d18b-4967-9004-c4751e9403b2","https://api.pixellab.ai/mcp/images/f43df976-d18b-4967-9004-c4751e9403b2/download?index=4","","rejected","extra generated frame not adopted"
"Thunder","blast_ring","seed","PixelLab seed prompt: blast_ring; Joseon folk-fantasy pixel art VFX; transparent; crisp hard pixels; one isolated centered asset; high top-down mobile readability","7e545819-c801-42a3-9df3-f1c28bd75591","https://api.pixellab.ai/mcp/images/7e545819-c801-42a3-9df3-f1c28bd75591/download","","source_seed","used as the animation seed"
"Thunder","blast_ring","0","PixelLab animation prompt: animate blast_ring around a stable centered pivot","62a5fe5b-668e-4b9e-a889-1baf123f9649","https://api.pixellab.ai/mcp/images/62a5fe5b-668e-4b9e-a889-1baf123f9649/download?index=0","Assets/JoseonHunter/Art/Weapons/Runtime/Polish/Thunder/thunder_blast_01.png","adopted",""
"Thunder","blast_ring","1","PixelLab animation prompt: animate blast_ring around a stable centered pivot","62a5fe5b-668e-4b9e-a889-1baf123f9649","https://api.pixellab.ai/mcp/images/62a5fe5b-668e-4b9e-a889-1baf123f9649/download?index=1","Assets/JoseonHunter/Art/Weapons/Runtime/Polish/Thunder/thunder_blast_02.png","adopted",""
"Thunder","blast_ring","2","PixelLab animation prompt: animate blast_ring around a stable centered pivot","62a5fe5b-668e-4b9e-a889-1baf123f9649","https://api.pixellab.ai/mcp/images/62a5fe5b-668e-4b9e-a889-1baf123f9649/download?index=2","Assets/JoseonHunter/Art/Weapons/Runtime/Polish/Thunder/thunder_blast_03.png","adopted",""
"Thunder","blast_ring","3","PixelLab animation prompt: animate blast_ring around a stable centered pivot","62a5fe5b-668e-4b9e-a889-1baf123f9649","https://api.pixellab.ai/mcp/images/62a5fe5b-668e-4b9e-a889-1baf123f9649/download?index=3","Assets/JoseonHunter/Art/Weapons/Runtime/Polish/Thunder/thunder_blast_04.png","adopted",""
"Thunder","blast_ring","4","PixelLab animation prompt: animate blast_ring around a stable centered pivot","62a5fe5b-668e-4b9e-a889-1baf123f9649","https://api.pixellab.ai/mcp/images/62a5fe5b-668e-4b9e-a889-1baf123f9649/download?index=4","Assets/JoseonHunter/Art/Weapons/Runtime/Polish/Thunder/thunder_blast_05.png","adopted",""
"Thunder","blast_ring","5","PixelLab animation prompt: animate blast_ring around a stable centered pivot","62a5fe5b-668e-4b9e-a889-1baf123f9649","https://api.pixellab.ai/mcp/images/62a5fe5b-668e-4b9e-a889-1baf123f9649/download?index=5","Assets/JoseonHunter/Art/Weapons/Runtime/Polish/Thunder/thunder_blast_06.png","adopted",""
"Thunder","blast_ring","6","PixelLab animation prompt: animate blast_ring around a stable centered pivot","62a5fe5b-668e-4b9e-a889-1baf123f9649","https://api.pixellab.ai/mcp/images/62a5fe5b-668e-4b9e-a889-1baf123f9649/download?index=6","","rejected","extra generated frame not adopted"
"Thunder","blast_ring","7","PixelLab animation prompt: animate blast_ring around a stable centered pivot","62a5fe5b-668e-4b9e-a889-1baf123f9649","https://api.pixellab.ai/mcp/images/62a5fe5b-668e-4b9e-a889-1baf123f9649/download?index=7","","rejected","extra generated frame not adopted"
"Thunder","blast_ring","8","PixelLab animation prompt: animate blast_ring around a stable centered pivot","62a5fe5b-668e-4b9e-a889-1baf123f9649","https://api.pixellab.ai/mcp/images/62a5fe5b-668e-4b9e-a889-1baf123f9649/download?index=8","","rejected","extra generated frame not adopted"
"Thunder","ground_current","seed","PixelLab seed prompt: ground_current; Joseon folk-fantasy pixel art VFX; transparent; crisp hard pixels; one isolated centered asset; high top-down mobile readability","48948739-d211-4ae1-acf7-4ced5e2ea08f","https://api.pixellab.ai/mcp/images/48948739-d211-4ae1-acf7-4ced5e2ea08f/download","","source_seed","used as the animation seed"
"Thunder","ground_current","0","PixelLab animation prompt: animate ground_current around a stable centered pivot","d2210e97-fbf5-4322-a7b5-8a20a2efbd6b","https://api.pixellab.ai/mcp/images/d2210e97-fbf5-4322-a7b5-8a20a2efbd6b/download?index=0","Assets/JoseonHunter/Art/Weapons/Runtime/Polish/Thunder/thunder_ground_current_01.png","adopted",""
"Thunder","ground_current","1","PixelLab animation prompt: animate ground_current around a stable centered pivot","d2210e97-fbf5-4322-a7b5-8a20a2efbd6b","https://api.pixellab.ai/mcp/images/d2210e97-fbf5-4322-a7b5-8a20a2efbd6b/download?index=1","Assets/JoseonHunter/Art/Weapons/Runtime/Polish/Thunder/thunder_ground_current_02.png","adopted",""
"Thunder","ground_current","2","PixelLab animation prompt: animate ground_current around a stable centered pivot","d2210e97-fbf5-4322-a7b5-8a20a2efbd6b","https://api.pixellab.ai/mcp/images/d2210e97-fbf5-4322-a7b5-8a20a2efbd6b/download?index=2","Assets/JoseonHunter/Art/Weapons/Runtime/Polish/Thunder/thunder_ground_current_03.png","adopted",""
"Thunder","ground_current","3","PixelLab animation prompt: animate ground_current around a stable centered pivot","d2210e97-fbf5-4322-a7b5-8a20a2efbd6b","https://api.pixellab.ai/mcp/images/d2210e97-fbf5-4322-a7b5-8a20a2efbd6b/download?index=3","Assets/JoseonHunter/Art/Weapons/Runtime/Polish/Thunder/thunder_ground_current_04.png","adopted",""
"Thunder","ground_current","4","PixelLab animation prompt: animate ground_current around a stable centered pivot","d2210e97-fbf5-4322-a7b5-8a20a2efbd6b","https://api.pixellab.ai/mcp/images/d2210e97-fbf5-4322-a7b5-8a20a2efbd6b/download?index=4","Assets/JoseonHunter/Art/Weapons/Runtime/Polish/Thunder/thunder_ground_current_05.png","adopted",""
"Jangseung","rise","seed","PixelLab seed prompt: rise; Joseon folk-fantasy pixel art VFX; transparent; crisp hard pixels; one isolated centered asset; high top-down mobile readability","ce694dd7-6d1c-43df-ba17-785d95354909","https://api.pixellab.ai/mcp/images/ce694dd7-6d1c-43df-ba17-785d95354909/download","","source_seed","used as the animation seed"
"Jangseung","rise","0","PixelLab animation prompt: animate rise around a stable centered pivot","0814943e-8a2d-47c9-a702-817718f0b4b7","https://api.pixellab.ai/mcp/images/0814943e-8a2d-47c9-a702-817718f0b4b7/download?index=0","Assets/JoseonHunter/Art/Weapons/Runtime/Polish/Jangseung/jangseung_rise_01.png","adopted",""
"Jangseung","rise","1","PixelLab animation prompt: animate rise around a stable centered pivot","0814943e-8a2d-47c9-a702-817718f0b4b7","https://api.pixellab.ai/mcp/images/0814943e-8a2d-47c9-a702-817718f0b4b7/download?index=1","Assets/JoseonHunter/Art/Weapons/Runtime/Polish/Jangseung/jangseung_rise_02.png","adopted",""
"Jangseung","rise","2","PixelLab animation prompt: animate rise around a stable centered pivot","0814943e-8a2d-47c9-a702-817718f0b4b7","https://api.pixellab.ai/mcp/images/0814943e-8a2d-47c9-a702-817718f0b4b7/download?index=2","Assets/JoseonHunter/Art/Weapons/Runtime/Polish/Jangseung/jangseung_rise_03.png","adopted",""
"Jangseung","rise","3","PixelLab animation prompt: animate rise around a stable centered pivot","0814943e-8a2d-47c9-a702-817718f0b4b7","https://api.pixellab.ai/mcp/images/0814943e-8a2d-47c9-a702-817718f0b4b7/download?index=3","Assets/JoseonHunter/Art/Weapons/Runtime/Polish/Jangseung/jangseung_rise_04.png","adopted",""
"Jangseung","rise","4","PixelLab animation prompt: animate rise around a stable centered pivot","0814943e-8a2d-47c9-a702-817718f0b4b7","https://api.pixellab.ai/mcp/images/0814943e-8a2d-47c9-a702-817718f0b4b7/download?index=4","Assets/JoseonHunter/Art/Weapons/Runtime/Polish/Jangseung/jangseung_rise_05.png","adopted",""
"Jangseung","ward_pulse","seed","PixelLab seed prompt: ward_pulse; Joseon folk-fantasy pixel art VFX; transparent; crisp hard pixels; one isolated centered asset; high top-down mobile readability","093adc33-97dd-4f5e-b465-6be80eba3b55","https://api.pixellab.ai/mcp/images/093adc33-97dd-4f5e-b465-6be80eba3b55/download","","source_seed","used as the animation seed"
"Jangseung","ward_pulse","0","PixelLab animation prompt: animate ward_pulse around a stable centered pivot","eb057022-f648-4780-abb0-2646e1c42b80","https://api.pixellab.ai/mcp/images/eb057022-f648-4780-abb0-2646e1c42b80/download?index=0","Assets/JoseonHunter/Art/Weapons/Runtime/Polish/Jangseung/jangseung_ward_01.png","adopted",""
"Jangseung","ward_pulse","1","PixelLab animation prompt: animate ward_pulse around a stable centered pivot","eb057022-f648-4780-abb0-2646e1c42b80","https://api.pixellab.ai/mcp/images/eb057022-f648-4780-abb0-2646e1c42b80/download?index=1","Assets/JoseonHunter/Art/Weapons/Runtime/Polish/Jangseung/jangseung_ward_02.png","adopted",""
"Jangseung","ward_pulse","2","PixelLab animation prompt: animate ward_pulse around a stable centered pivot","eb057022-f648-4780-abb0-2646e1c42b80","https://api.pixellab.ai/mcp/images/eb057022-f648-4780-abb0-2646e1c42b80/download?index=2","","rejected","multiple independent asset islands; replaced by PixelLab repair"
"Jangseung","ward_pulse","3","PixelLab animation prompt: animate ward_pulse around a stable centered pivot","eb057022-f648-4780-abb0-2646e1c42b80","https://api.pixellab.ai/mcp/images/eb057022-f648-4780-abb0-2646e1c42b80/download?index=3","","rejected","multiple independent asset islands; replaced by PixelLab repair"
"Jangseung","ward_pulse","4","PixelLab animation prompt: animate ward_pulse around a stable centered pivot","eb057022-f648-4780-abb0-2646e1c42b80","https://api.pixellab.ai/mcp/images/eb057022-f648-4780-abb0-2646e1c42b80/download?index=4","","rejected","extra generated frame not adopted"
"Jangseung","guardian_strike","seed","PixelLab seed prompt: guardian_strike; Joseon folk-fantasy pixel art VFX; transparent; crisp hard pixels; one isolated centered asset; high top-down mobile readability","2df8f370-ec6a-49e3-96f4-b77ea0a869b4","https://api.pixellab.ai/mcp/images/2df8f370-ec6a-49e3-96f4-b77ea0a869b4/download","","source_seed","used as the animation seed"
"Jangseung","guardian_strike","0","PixelLab animation prompt: animate guardian_strike around a stable centered pivot","eb62c4ec-316a-438e-a8ee-70146c26273d","https://api.pixellab.ai/mcp/images/eb62c4ec-316a-438e-a8ee-70146c26273d/download?index=0","Assets/JoseonHunter/Art/Weapons/Runtime/Polish/Jangseung/jangseung_strike_01.png","adopted",""
"Jangseung","guardian_strike","1","PixelLab animation prompt: animate guardian_strike around a stable centered pivot","eb62c4ec-316a-438e-a8ee-70146c26273d","https://api.pixellab.ai/mcp/images/eb62c4ec-316a-438e-a8ee-70146c26273d/download?index=1","Assets/JoseonHunter/Art/Weapons/Runtime/Polish/Jangseung/jangseung_strike_02.png","adopted",""
"Jangseung","guardian_strike","2","PixelLab animation prompt: animate guardian_strike around a stable centered pivot","eb62c4ec-316a-438e-a8ee-70146c26273d","https://api.pixellab.ai/mcp/images/eb62c4ec-316a-438e-a8ee-70146c26273d/download?index=2","Assets/JoseonHunter/Art/Weapons/Runtime/Polish/Jangseung/jangseung_strike_03.png","adopted",""
"Jangseung","guardian_strike","3","PixelLab animation prompt: animate guardian_strike around a stable centered pivot","eb62c4ec-316a-438e-a8ee-70146c26273d","https://api.pixellab.ai/mcp/images/eb62c4ec-316a-438e-a8ee-70146c26273d/download?index=3","Assets/JoseonHunter/Art/Weapons/Runtime/Polish/Jangseung/jangseung_strike_04.png","adopted",""
"Jangseung","guardian_strike","4","PixelLab animation prompt: animate guardian_strike around a stable centered pivot","eb62c4ec-316a-438e-a8ee-70146c26273d","https://api.pixellab.ai/mcp/images/eb62c4ec-316a-438e-a8ee-70146c26273d/download?index=4","Assets/JoseonHunter/Art/Weapons/Runtime/Polish/Jangseung/jangseung_strike_05.png","adopted",""
"Singijeon","rocket_flight","seed","PixelLab seed prompt: rocket_flight; Joseon folk-fantasy pixel art VFX; transparent; crisp hard pixels; one isolated centered asset; high top-down mobile readability","d6c85c33-3e2a-4ef3-b9ef-cee5ce6b8a71","https://api.pixellab.ai/mcp/images/d6c85c33-3e2a-4ef3-b9ef-cee5ce6b8a71/download","","source_seed","used as the animation seed"
"Singijeon","rocket_flight","0","PixelLab animation prompt: animate rocket_flight around a stable centered pivot","8a411c16-92c3-4cdc-b899-82ee5efa6c6e","https://api.pixellab.ai/mcp/images/8a411c16-92c3-4cdc-b899-82ee5efa6c6e/download?index=0","Assets/JoseonHunter/Art/Weapons/Runtime/Polish/Singijeon/singijeon_rocket_01.png","adopted",""
"Singijeon","rocket_flight","1","PixelLab animation prompt: animate rocket_flight around a stable centered pivot","8a411c16-92c3-4cdc-b899-82ee5efa6c6e","https://api.pixellab.ai/mcp/images/8a411c16-92c3-4cdc-b899-82ee5efa6c6e/download?index=1","Assets/JoseonHunter/Art/Weapons/Runtime/Polish/Singijeon/singijeon_rocket_02.png","adopted",""
"Singijeon","rocket_flight","2","PixelLab animation prompt: animate rocket_flight around a stable centered pivot","8a411c16-92c3-4cdc-b899-82ee5efa6c6e","https://api.pixellab.ai/mcp/images/8a411c16-92c3-4cdc-b899-82ee5efa6c6e/download?index=2","Assets/JoseonHunter/Art/Weapons/Runtime/Polish/Singijeon/singijeon_rocket_03.png","adopted",""
"Singijeon","rocket_flight","3","PixelLab animation prompt: animate rocket_flight around a stable centered pivot","8a411c16-92c3-4cdc-b899-82ee5efa6c6e","https://api.pixellab.ai/mcp/images/8a411c16-92c3-4cdc-b899-82ee5efa6c6e/download?index=3","Assets/JoseonHunter/Art/Weapons/Runtime/Polish/Singijeon/singijeon_rocket_04.png","adopted",""
"Singijeon","rocket_flight","4","PixelLab animation prompt: animate rocket_flight around a stable centered pivot","8a411c16-92c3-4cdc-b899-82ee5efa6c6e","https://api.pixellab.ai/mcp/images/8a411c16-92c3-4cdc-b899-82ee5efa6c6e/download?index=4","","rejected","extra generated frame not adopted"
"Singijeon","ember_trail","seed","PixelLab seed prompt: ember_trail; Joseon folk-fantasy pixel art VFX; transparent; crisp hard pixels; one isolated centered asset; high top-down mobile readability","28ad9c92-295c-4d88-aca9-59b2fe93b0ed","https://api.pixellab.ai/mcp/images/28ad9c92-295c-4d88-aca9-59b2fe93b0ed/download","","source_seed","used as the animation seed"
"Singijeon","ember_trail","0","PixelLab animation prompt: animate ember_trail around a stable centered pivot","fbc73e11-cf4d-4356-ac9d-96d42640152b","https://api.pixellab.ai/mcp/images/fbc73e11-cf4d-4356-ac9d-96d42640152b/download?index=0","Assets/JoseonHunter/Art/Weapons/Runtime/Polish/Singijeon/singijeon_ember_01.png","adopted",""
"Singijeon","ember_trail","1","PixelLab animation prompt: animate ember_trail around a stable centered pivot","fbc73e11-cf4d-4356-ac9d-96d42640152b","https://api.pixellab.ai/mcp/images/fbc73e11-cf4d-4356-ac9d-96d42640152b/download?index=1","Assets/JoseonHunter/Art/Weapons/Runtime/Polish/Singijeon/singijeon_ember_02.png","adopted",""
"Singijeon","ember_trail","2","PixelLab animation prompt: animate ember_trail around a stable centered pivot","fbc73e11-cf4d-4356-ac9d-96d42640152b","https://api.pixellab.ai/mcp/images/fbc73e11-cf4d-4356-ac9d-96d42640152b/download?index=2","Assets/JoseonHunter/Art/Weapons/Runtime/Polish/Singijeon/singijeon_ember_03.png","adopted",""
"Singijeon","ember_trail","3","PixelLab animation prompt: animate ember_trail around a stable centered pivot","fbc73e11-cf4d-4356-ac9d-96d42640152b","https://api.pixellab.ai/mcp/images/fbc73e11-cf4d-4356-ac9d-96d42640152b/download?index=3","Assets/JoseonHunter/Art/Weapons/Runtime/Polish/Singijeon/singijeon_ember_04.png","adopted",""
"Singijeon","ember_trail","4","PixelLab animation prompt: animate ember_trail around a stable centered pivot","fbc73e11-cf4d-4356-ac9d-96d42640152b","https://api.pixellab.ai/mcp/images/fbc73e11-cf4d-4356-ac9d-96d42640152b/download?index=4","Assets/JoseonHunter/Art/Weapons/Runtime/Polish/Singijeon/singijeon_ember_05.png","adopted",""
"Singijeon","focus_explosion","seed","PixelLab seed prompt: focus_explosion; Joseon folk-fantasy pixel art VFX; transparent; crisp hard pixels; one isolated centered asset; high top-down mobile readability","d35282d3-2224-4cd9-8085-8b2d4f20858e","https://api.pixellab.ai/mcp/images/d35282d3-2224-4cd9-8085-8b2d4f20858e/download","","source_seed","used as the animation seed"
"Singijeon","focus_explosion","0","PixelLab animation prompt: animate focus_explosion around a stable centered pivot","35116c07-272c-4335-a3c1-844db48df879","https://api.pixellab.ai/mcp/images/35116c07-272c-4335-a3c1-844db48df879/download?index=0","Assets/JoseonHunter/Art/Weapons/Runtime/Polish/Singijeon/singijeon_explosion_01.png","adopted",""
"Singijeon","focus_explosion","1","PixelLab animation prompt: animate focus_explosion around a stable centered pivot","35116c07-272c-4335-a3c1-844db48df879","https://api.pixellab.ai/mcp/images/35116c07-272c-4335-a3c1-844db48df879/download?index=1","Assets/JoseonHunter/Art/Weapons/Runtime/Polish/Singijeon/singijeon_explosion_02.png","adopted",""
"Singijeon","focus_explosion","2","PixelLab animation prompt: animate focus_explosion around a stable centered pivot","35116c07-272c-4335-a3c1-844db48df879","https://api.pixellab.ai/mcp/images/35116c07-272c-4335-a3c1-844db48df879/download?index=2","Assets/JoseonHunter/Art/Weapons/Runtime/Polish/Singijeon/singijeon_explosion_03.png","adopted",""
"Singijeon","focus_explosion","3","PixelLab animation prompt: animate focus_explosion around a stable centered pivot","35116c07-272c-4335-a3c1-844db48df879","https://api.pixellab.ai/mcp/images/35116c07-272c-4335-a3c1-844db48df879/download?index=3","Assets/JoseonHunter/Art/Weapons/Runtime/Polish/Singijeon/singijeon_explosion_04.png","adopted",""
"Singijeon","focus_explosion","4","PixelLab animation prompt: animate focus_explosion around a stable centered pivot","35116c07-272c-4335-a3c1-844db48df879","https://api.pixellab.ai/mcp/images/35116c07-272c-4335-a3c1-844db48df879/download?index=4","Assets/JoseonHunter/Art/Weapons/Runtime/Polish/Singijeon/singijeon_explosion_05.png","adopted",""
"Singijeon","focus_explosion","5","PixelLab animation prompt: animate focus_explosion around a stable centered pivot","35116c07-272c-4335-a3c1-844db48df879","https://api.pixellab.ai/mcp/images/35116c07-272c-4335-a3c1-844db48df879/download?index=5","Assets/JoseonHunter/Art/Weapons/Runtime/Polish/Singijeon/singijeon_explosion_06.png","adopted",""
"Singijeon","focus_explosion","6","PixelLab animation prompt: animate focus_explosion around a stable centered pivot","35116c07-272c-4335-a3c1-844db48df879","https://api.pixellab.ai/mcp/images/35116c07-272c-4335-a3c1-844db48df879/download?index=6","","rejected","extra generated frame not adopted"
"Singijeon","focus_explosion","7","PixelLab animation prompt: animate focus_explosion around a stable centered pivot","35116c07-272c-4335-a3c1-844db48df879","https://api.pixellab.ai/mcp/images/35116c07-272c-4335-a3c1-844db48df879/download?index=7","","rejected","extra generated frame not adopted"
"Singijeon","focus_explosion","8","PixelLab animation prompt: animate focus_explosion around a stable centered pivot","35116c07-272c-4335-a3c1-844db48df879","https://api.pixellab.ai/mcp/images/35116c07-272c-4335-a3c1-844db48df879/download?index=8","","rejected","extra generated frame not adopted"
"Frost","flask_rotation","seed","PixelLab seed prompt: flask_rotation; Joseon folk-fantasy pixel art VFX; transparent; crisp hard pixels; one isolated centered asset; high top-down mobile readability","3b9af55e-a7e2-4efa-81fb-1cd2604151e0","https://api.pixellab.ai/mcp/images/3b9af55e-a7e2-4efa-81fb-1cd2604151e0/download","","source_seed","used as the animation seed"
"Frost","flask_rotation","0","PixelLab animation prompt: animate flask_rotation around a stable centered pivot","dd82aa79-876e-4741-bf7e-d5ffcff3dad0","https://api.pixellab.ai/mcp/images/dd82aa79-876e-4741-bf7e-d5ffcff3dad0/download?index=0","Assets/JoseonHunter/Art/Weapons/Runtime/Polish/Frost/frost_flask_01.png","adopted",""
"Frost","flask_rotation","1","PixelLab animation prompt: animate flask_rotation around a stable centered pivot","dd82aa79-876e-4741-bf7e-d5ffcff3dad0","https://api.pixellab.ai/mcp/images/dd82aa79-876e-4741-bf7e-d5ffcff3dad0/download?index=1","Assets/JoseonHunter/Art/Weapons/Runtime/Polish/Frost/frost_flask_02.png","adopted",""
"Frost","flask_rotation","2","PixelLab animation prompt: animate flask_rotation around a stable centered pivot","dd82aa79-876e-4741-bf7e-d5ffcff3dad0","https://api.pixellab.ai/mcp/images/dd82aa79-876e-4741-bf7e-d5ffcff3dad0/download?index=2","Assets/JoseonHunter/Art/Weapons/Runtime/Polish/Frost/frost_flask_03.png","adopted",""
"Frost","flask_rotation","3","PixelLab animation prompt: animate flask_rotation around a stable centered pivot","dd82aa79-876e-4741-bf7e-d5ffcff3dad0","https://api.pixellab.ai/mcp/images/dd82aa79-876e-4741-bf7e-d5ffcff3dad0/download?index=3","Assets/JoseonHunter/Art/Weapons/Runtime/Polish/Frost/frost_flask_04.png","adopted",""
"Frost","flask_rotation","4","PixelLab animation prompt: animate flask_rotation around a stable centered pivot","dd82aa79-876e-4741-bf7e-d5ffcff3dad0","https://api.pixellab.ai/mcp/images/dd82aa79-876e-4741-bf7e-d5ffcff3dad0/download?index=4","Assets/JoseonHunter/Art/Weapons/Runtime/Polish/Frost/frost_flask_05.png","adopted",""
"Frost","flask_rotation","5","PixelLab animation prompt: animate flask_rotation around a stable centered pivot","dd82aa79-876e-4741-bf7e-d5ffcff3dad0","https://api.pixellab.ai/mcp/images/dd82aa79-876e-4741-bf7e-d5ffcff3dad0/download?index=5","Assets/JoseonHunter/Art/Weapons/Runtime/Polish/Frost/frost_flask_06.png","adopted",""
"Frost","flask_rotation","6","PixelLab animation prompt: animate flask_rotation around a stable centered pivot","dd82aa79-876e-4741-bf7e-d5ffcff3dad0","https://api.pixellab.ai/mcp/images/dd82aa79-876e-4741-bf7e-d5ffcff3dad0/download?index=6","","rejected","extra generated frame not adopted"
"Frost","flask_rotation","7","PixelLab animation prompt: animate flask_rotation around a stable centered pivot","dd82aa79-876e-4741-bf7e-d5ffcff3dad0","https://api.pixellab.ai/mcp/images/dd82aa79-876e-4741-bf7e-d5ffcff3dad0/download?index=7","","rejected","extra generated frame not adopted"
"Frost","flask_rotation","8","PixelLab animation prompt: animate flask_rotation around a stable centered pivot","dd82aa79-876e-4741-bf7e-d5ffcff3dad0","https://api.pixellab.ai/mcp/images/dd82aa79-876e-4741-bf7e-d5ffcff3dad0/download?index=8","","rejected","extra generated frame not adopted"
"Frost","frost_growth","seed","PixelLab seed prompt: frost_growth; Joseon folk-fantasy pixel art VFX; transparent; crisp hard pixels; one isolated centered asset; high top-down mobile readability","39e67e7d-d4f2-49cf-9623-975de192fa79","https://api.pixellab.ai/mcp/images/39e67e7d-d4f2-49cf-9623-975de192fa79/download","","source_seed","used as the animation seed"
"Frost","frost_growth","0","PixelLab animation prompt: animate frost_growth around a stable centered pivot","a01dd86a-d5f6-4f99-be1d-4bcd9734ee09","https://api.pixellab.ai/mcp/images/a01dd86a-d5f6-4f99-be1d-4bcd9734ee09/download?index=0","Assets/JoseonHunter/Art/Weapons/Runtime/Polish/Frost/frost_growth_01.png","adopted",""
"Frost","frost_growth","1","PixelLab animation prompt: animate frost_growth around a stable centered pivot","a01dd86a-d5f6-4f99-be1d-4bcd9734ee09","https://api.pixellab.ai/mcp/images/a01dd86a-d5f6-4f99-be1d-4bcd9734ee09/download?index=1","Assets/JoseonHunter/Art/Weapons/Runtime/Polish/Frost/frost_growth_02.png","adopted",""
"Frost","frost_growth","2","PixelLab animation prompt: animate frost_growth around a stable centered pivot","a01dd86a-d5f6-4f99-be1d-4bcd9734ee09","https://api.pixellab.ai/mcp/images/a01dd86a-d5f6-4f99-be1d-4bcd9734ee09/download?index=2","Assets/JoseonHunter/Art/Weapons/Runtime/Polish/Frost/frost_growth_03.png","adopted",""
"Frost","frost_growth","3","PixelLab animation prompt: animate frost_growth around a stable centered pivot","a01dd86a-d5f6-4f99-be1d-4bcd9734ee09","https://api.pixellab.ai/mcp/images/a01dd86a-d5f6-4f99-be1d-4bcd9734ee09/download?index=3","Assets/JoseonHunter/Art/Weapons/Runtime/Polish/Frost/frost_growth_04.png","adopted",""
"Frost","frost_growth","4","PixelLab animation prompt: animate frost_growth around a stable centered pivot","a01dd86a-d5f6-4f99-be1d-4bcd9734ee09","https://api.pixellab.ai/mcp/images/a01dd86a-d5f6-4f99-be1d-4bcd9734ee09/download?index=4","Assets/JoseonHunter/Art/Weapons/Runtime/Polish/Frost/frost_growth_05.png","adopted",""
"Frost","shatter","seed","PixelLab seed prompt: shatter; Joseon folk-fantasy pixel art VFX; transparent; crisp hard pixels; one isolated centered asset; high top-down mobile readability","0ef65fad-df17-4e25-b5c9-0c311832aa45","https://api.pixellab.ai/mcp/images/0ef65fad-df17-4e25-b5c9-0c311832aa45/download","","source_seed","used as the animation seed"
"Frost","shatter","0","PixelLab animation prompt: animate shatter around a stable centered pivot","637ce48f-a506-4dfa-a0e9-b33299bf5f1c","https://api.pixellab.ai/mcp/images/637ce48f-a506-4dfa-a0e9-b33299bf5f1c/download?index=0","","rejected","multiple independent asset islands; replaced by PixelLab repair"
"Frost","shatter","1","PixelLab animation prompt: animate shatter around a stable centered pivot","637ce48f-a506-4dfa-a0e9-b33299bf5f1c","https://api.pixellab.ai/mcp/images/637ce48f-a506-4dfa-a0e9-b33299bf5f1c/download?index=1","","rejected","multiple independent asset islands; replaced by PixelLab repair"
"Frost","shatter","2","PixelLab animation prompt: animate shatter around a stable centered pivot","637ce48f-a506-4dfa-a0e9-b33299bf5f1c","https://api.pixellab.ai/mcp/images/637ce48f-a506-4dfa-a0e9-b33299bf5f1c/download?index=2","","rejected","multiple independent asset islands; replaced by PixelLab repair"
"Frost","shatter","3","PixelLab animation prompt: animate shatter around a stable centered pivot","637ce48f-a506-4dfa-a0e9-b33299bf5f1c","https://api.pixellab.ai/mcp/images/637ce48f-a506-4dfa-a0e9-b33299bf5f1c/download?index=3","Assets/JoseonHunter/Art/Weapons/Runtime/Polish/Frost/frost_shatter_04.png","adopted",""
"Frost","shatter","4","PixelLab animation prompt: animate shatter around a stable centered pivot","637ce48f-a506-4dfa-a0e9-b33299bf5f1c","https://api.pixellab.ai/mcp/images/637ce48f-a506-4dfa-a0e9-b33299bf5f1c/download?index=4","","rejected","multiple independent asset islands; replaced by PixelLab repair"
"Frost","shatter","5","PixelLab animation prompt: animate shatter around a stable centered pivot","637ce48f-a506-4dfa-a0e9-b33299bf5f1c","https://api.pixellab.ai/mcp/images/637ce48f-a506-4dfa-a0e9-b33299bf5f1c/download?index=5","","rejected","multiple independent asset islands; replaced by PixelLab repair"
"Frost","shatter","6","PixelLab animation prompt: animate shatter around a stable centered pivot","637ce48f-a506-4dfa-a0e9-b33299bf5f1c","https://api.pixellab.ai/mcp/images/637ce48f-a506-4dfa-a0e9-b33299bf5f1c/download?index=6","","rejected","extra generated frame not adopted"
"Frost","shatter","7","PixelLab animation prompt: animate shatter around a stable centered pivot","637ce48f-a506-4dfa-a0e9-b33299bf5f1c","https://api.pixellab.ai/mcp/images/637ce48f-a506-4dfa-a0e9-b33299bf5f1c/download?index=7","","rejected","extra generated frame not adopted"
"Frost","shatter","8","PixelLab animation prompt: animate shatter around a stable centered pivot","637ce48f-a506-4dfa-a0e9-b33299bf5f1c","https://api.pixellab.ai/mcp/images/637ce48f-a506-4dfa-a0e9-b33299bf5f1c/download?index=8","","rejected","extra generated frame not adopted"
"Fan","gust_layer","seed","PixelLab seed prompt: gust_layer; Joseon folk-fantasy pixel art VFX; transparent; crisp hard pixels; one isolated centered asset; high top-down mobile readability","25e0db50-8355-4086-9bfe-73a884c87808","https://api.pixellab.ai/mcp/images/25e0db50-8355-4086-9bfe-73a884c87808/download","","source_seed","used as the animation seed"
"Fan","gust_layer","0","PixelLab animation prompt: animate gust_layer around a stable centered pivot","fb423450-1347-41ca-b928-951335d0a70f","https://api.pixellab.ai/mcp/images/fb423450-1347-41ca-b928-951335d0a70f/download?index=0","Assets/JoseonHunter/Art/Weapons/Runtime/Polish/Fan/fan_gust_01.png","adopted",""
"Fan","gust_layer","1","PixelLab animation prompt: animate gust_layer around a stable centered pivot","fb423450-1347-41ca-b928-951335d0a70f","https://api.pixellab.ai/mcp/images/fb423450-1347-41ca-b928-951335d0a70f/download?index=1","Assets/JoseonHunter/Art/Weapons/Runtime/Polish/Fan/fan_gust_02.png","adopted",""
"Fan","gust_layer","2","PixelLab animation prompt: animate gust_layer around a stable centered pivot","fb423450-1347-41ca-b928-951335d0a70f","https://api.pixellab.ai/mcp/images/fb423450-1347-41ca-b928-951335d0a70f/download?index=2","Assets/JoseonHunter/Art/Weapons/Runtime/Polish/Fan/fan_gust_03.png","adopted",""
"Fan","gust_layer","3","PixelLab animation prompt: animate gust_layer around a stable centered pivot","fb423450-1347-41ca-b928-951335d0a70f","https://api.pixellab.ai/mcp/images/fb423450-1347-41ca-b928-951335d0a70f/download?index=3","Assets/JoseonHunter/Art/Weapons/Runtime/Polish/Fan/fan_gust_04.png","adopted",""
"Fan","gust_layer","4","PixelLab animation prompt: animate gust_layer around a stable centered pivot","fb423450-1347-41ca-b928-951335d0a70f","https://api.pixellab.ai/mcp/images/fb423450-1347-41ca-b928-951335d0a70f/download?index=4","Assets/JoseonHunter/Art/Weapons/Runtime/Polish/Fan/fan_gust_05.png","adopted",""
"Fan","target_mark","seed","PixelLab seed prompt: target_mark; Joseon folk-fantasy pixel art VFX; transparent; crisp hard pixels; one isolated centered asset; high top-down mobile readability","30da33ff-72f5-4de6-ab35-342d385cc878","https://api.pixellab.ai/mcp/images/30da33ff-72f5-4de6-ab35-342d385cc878/download","","source_seed","used as the animation seed"
"Fan","target_mark","0","PixelLab animation prompt: animate target_mark around a stable centered pivot","becec424-3336-4730-97f7-a76263205186","https://api.pixellab.ai/mcp/images/becec424-3336-4730-97f7-a76263205186/download?index=0","Assets/JoseonHunter/Art/Weapons/Runtime/Polish/Fan/fan_target_01.png","adopted",""
"Fan","target_mark","1","PixelLab animation prompt: animate target_mark around a stable centered pivot","becec424-3336-4730-97f7-a76263205186","https://api.pixellab.ai/mcp/images/becec424-3336-4730-97f7-a76263205186/download?index=1","Assets/JoseonHunter/Art/Weapons/Runtime/Polish/Fan/fan_target_02.png","adopted",""
"Fan","target_mark","2","PixelLab animation prompt: animate target_mark around a stable centered pivot","becec424-3336-4730-97f7-a76263205186","https://api.pixellab.ai/mcp/images/becec424-3336-4730-97f7-a76263205186/download?index=2","Assets/JoseonHunter/Art/Weapons/Runtime/Polish/Fan/fan_target_03.png","adopted",""
"Fan","target_mark","3","PixelLab animation prompt: animate target_mark around a stable centered pivot","becec424-3336-4730-97f7-a76263205186","https://api.pixellab.ai/mcp/images/becec424-3336-4730-97f7-a76263205186/download?index=3","Assets/JoseonHunter/Art/Weapons/Runtime/Polish/Fan/fan_target_04.png","adopted",""
"Fan","target_mark","4","PixelLab animation prompt: animate target_mark around a stable centered pivot","becec424-3336-4730-97f7-a76263205186","https://api.pixellab.ai/mcp/images/becec424-3336-4730-97f7-a76263205186/download?index=4","","rejected","extra generated frame not adopted"
"Fan","lightning_strike","seed","PixelLab seed prompt: lightning_strike; Joseon folk-fantasy pixel art VFX; transparent; crisp hard pixels; one isolated centered asset; high top-down mobile readability","5ce023e5-121f-44a0-9bea-a1eaca218286","https://api.pixellab.ai/mcp/images/5ce023e5-121f-44a0-9bea-a1eaca218286/download","","source_seed","used as the animation seed"
"Fan","lightning_strike","0","PixelLab animation prompt: animate lightning_strike around a stable centered pivot","244e7a85-e706-4f4d-8723-d6b2e9811080","https://api.pixellab.ai/mcp/images/244e7a85-e706-4f4d-8723-d6b2e9811080/download?index=0","Assets/JoseonHunter/Art/Weapons/Runtime/Polish/Fan/fan_lightning_01.png","adopted",""
"Fan","lightning_strike","1","PixelLab animation prompt: animate lightning_strike around a stable centered pivot","244e7a85-e706-4f4d-8723-d6b2e9811080","https://api.pixellab.ai/mcp/images/244e7a85-e706-4f4d-8723-d6b2e9811080/download?index=1","Assets/JoseonHunter/Art/Weapons/Runtime/Polish/Fan/fan_lightning_02.png","adopted",""
"Fan","lightning_strike","2","PixelLab animation prompt: animate lightning_strike around a stable centered pivot","244e7a85-e706-4f4d-8723-d6b2e9811080","https://api.pixellab.ai/mcp/images/244e7a85-e706-4f4d-8723-d6b2e9811080/download?index=2","Assets/JoseonHunter/Art/Weapons/Runtime/Polish/Fan/fan_lightning_03.png","adopted",""
"Fan","lightning_strike","3","PixelLab animation prompt: animate lightning_strike around a stable centered pivot","244e7a85-e706-4f4d-8723-d6b2e9811080","https://api.pixellab.ai/mcp/images/244e7a85-e706-4f4d-8723-d6b2e9811080/download?index=3","Assets/JoseonHunter/Art/Weapons/Runtime/Polish/Fan/fan_lightning_04.png","adopted",""
"Fan","lightning_strike","4","PixelLab animation prompt: animate lightning_strike around a stable centered pivot","244e7a85-e706-4f4d-8723-d6b2e9811080","https://api.pixellab.ai/mcp/images/244e7a85-e706-4f4d-8723-d6b2e9811080/download?index=4","Assets/JoseonHunter/Art/Weapons/Runtime/Polish/Fan/fan_lightning_05.png","adopted",""
"Fan","lightning_strike","5","PixelLab animation prompt: animate lightning_strike around a stable centered pivot","244e7a85-e706-4f4d-8723-d6b2e9811080","https://api.pixellab.ai/mcp/images/244e7a85-e706-4f4d-8723-d6b2e9811080/download?index=5","Assets/JoseonHunter/Art/Weapons/Runtime/Polish/Fan/fan_lightning_06.png","adopted",""
"Fan","lightning_strike","6","PixelLab animation prompt: animate lightning_strike around a stable centered pivot","244e7a85-e706-4f4d-8723-d6b2e9811080","https://api.pixellab.ai/mcp/images/244e7a85-e706-4f4d-8723-d6b2e9811080/download?index=6","","rejected","extra generated frame not adopted"
"Fan","lightning_strike","7","PixelLab animation prompt: animate lightning_strike around a stable centered pivot","244e7a85-e706-4f4d-8723-d6b2e9811080","https://api.pixellab.ai/mcp/images/244e7a85-e706-4f4d-8723-d6b2e9811080/download?index=7","","rejected","extra generated frame not adopted"
"Fan","lightning_strike","8","PixelLab animation prompt: animate lightning_strike around a stable centered pivot","244e7a85-e706-4f4d-8723-d6b2e9811080","https://api.pixellab.ai/mcp/images/244e7a85-e706-4f4d-8723-d6b2e9811080/download?index=8","","rejected","extra generated frame not adopted"
"Frost","frost_growth","seed","PixelLab seed prompt: frost_growth","41e03085-5f2f-47f2-b565-688170b513c3","","","rejected","PixelLab returned invalid job id after processing; re-rolled"
"Gakgung","impact_splinter","repair-0","PixelLab repair prompt: preserve timing and palette; redraw as one connected isolated VFX","d1f511b5-0156-4ba1-b67c-64e7a0d306de","https://api.pixellab.ai/mcp/images/d1f511b5-0156-4ba1-b67c-64e7a0d306de/download?index=0","","rejected","first repair pass; still failed island validation"
"Gakgung","impact_splinter","repair-1","PixelLab repair prompt: preserve timing and palette; redraw as one connected isolated VFX","d1f511b5-0156-4ba1-b67c-64e7a0d306de","https://api.pixellab.ai/mcp/images/d1f511b5-0156-4ba1-b67c-64e7a0d306de/download?index=1","","rejected","first repair pass; still failed island validation"
"Gakgung","impact_splinter","repair-2","PixelLab repair prompt: preserve timing and palette; redraw as one connected isolated VFX","d1f511b5-0156-4ba1-b67c-64e7a0d306de","https://api.pixellab.ai/mcp/images/d1f511b5-0156-4ba1-b67c-64e7a0d306de/download?index=2","Assets/JoseonHunter/Art/Weapons/Runtime/Polish/Gakgung/gakgung_impact_splinter_03.png","adopted",""
"Gakgung","impact_splinter","repair-3","PixelLab repair prompt: preserve timing and palette; redraw as one connected isolated VFX","d1f511b5-0156-4ba1-b67c-64e7a0d306de","https://api.pixellab.ai/mcp/images/d1f511b5-0156-4ba1-b67c-64e7a0d306de/download?index=3","","rejected","first repair pass; still failed island validation"
"Gakgung","impact_splinter","repair-0","PixelLab repair prompt: preserve timing and palette; redraw as one connected isolated VFX","6c3c0826-c6dc-4030-8b20-95ab3bde050b","https://api.pixellab.ai/mcp/images/6c3c0826-c6dc-4030-8b20-95ab3bde050b/download?index=0","Assets/JoseonHunter/Art/Weapons/Runtime/Polish/Gakgung/gakgung_impact_splinter.png","adopted",""
"Gakgung","impact_splinter","repair-1","PixelLab repair prompt: preserve timing and palette; redraw as one connected isolated VFX","6c3c0826-c6dc-4030-8b20-95ab3bde050b","https://api.pixellab.ai/mcp/images/6c3c0826-c6dc-4030-8b20-95ab3bde050b/download?index=1","Assets/JoseonHunter/Art/Weapons/Runtime/Polish/Gakgung/gakgung_impact_splinter_04.png","adopted",""
"Gakgung","impact_splinter","repair-2","PixelLab repair prompt: preserve timing and palette; redraw as one connected isolated VFX","6c3c0826-c6dc-4030-8b20-95ab3bde050b","https://api.pixellab.ai/mcp/images/6c3c0826-c6dc-4030-8b20-95ab3bde050b/download?index=2","Assets/JoseonHunter/Art/Weapons/Runtime/Polish/Gakgung/gakgung_impact_splinter_05.png","adopted",""
"Thunder","landing_warning","repair-0","PixelLab repair prompt: preserve timing and palette; redraw as one connected isolated VFX","3a6bbeb3-44e6-4247-a549-023e672cbb9e","https://api.pixellab.ai/mcp/images/3a6bbeb3-44e6-4247-a549-023e672cbb9e/download?index=0","Assets/JoseonHunter/Art/Weapons/Runtime/Polish/Thunder/thunder_warning_01.png","adopted",""
"Thunder","landing_warning","repair-1","PixelLab repair prompt: preserve timing and palette; redraw as one connected isolated VFX","3a6bbeb3-44e6-4247-a549-023e672cbb9e","https://api.pixellab.ai/mcp/images/3a6bbeb3-44e6-4247-a549-023e672cbb9e/download?index=1","Assets/JoseonHunter/Art/Weapons/Runtime/Polish/Thunder/thunder_warning_02.png","adopted",""
"Thunder","landing_warning","repair-2","PixelLab repair prompt: preserve timing and palette; redraw as one connected isolated VFX","3a6bbeb3-44e6-4247-a549-023e672cbb9e","https://api.pixellab.ai/mcp/images/3a6bbeb3-44e6-4247-a549-023e672cbb9e/download?index=2","Assets/JoseonHunter/Art/Weapons/Runtime/Polish/Thunder/thunder_warning_03.png","adopted",""
"Thunder","landing_warning","repair-3","PixelLab repair prompt: preserve timing and palette; redraw as one connected isolated VFX","3a6bbeb3-44e6-4247-a549-023e672cbb9e","https://api.pixellab.ai/mcp/images/3a6bbeb3-44e6-4247-a549-023e672cbb9e/download?index=3","Assets/JoseonHunter/Art/Weapons/Runtime/Polish/Thunder/thunder_warning_04.png","adopted",""
"Jangseung","ward_pulse","repair-0","PixelLab repair prompt: preserve timing and palette; redraw as one connected isolated VFX","d6b6c295-4def-48f2-a973-b872e21d494d","https://api.pixellab.ai/mcp/images/d6b6c295-4def-48f2-a973-b872e21d494d/download?index=0","Assets/JoseonHunter/Art/Weapons/Runtime/Polish/Jangseung/jangseung_ward_03.png","adopted",""
"Jangseung","ward_pulse","repair-1","PixelLab repair prompt: preserve timing and palette; redraw as one connected isolated VFX","d6b6c295-4def-48f2-a973-b872e21d494d","https://api.pixellab.ai/mcp/images/d6b6c295-4def-48f2-a973-b872e21d494d/download?index=1","Assets/JoseonHunter/Art/Weapons/Runtime/Polish/Jangseung/jangseung_ward_04.png","adopted",""
"Frost","shatter","repair-0","PixelLab repair prompt: preserve timing and palette; redraw as one connected isolated VFX","43a2744a-ca55-4c44-9c2c-ad5350d85b49","https://api.pixellab.ai/mcp/images/43a2744a-ca55-4c44-9c2c-ad5350d85b49/download?index=0","Assets/JoseonHunter/Art/Weapons/Runtime/Polish/Frost/frost_shatter_01.png","adopted",""
"Frost","shatter","repair-1","PixelLab repair prompt: preserve timing and palette; redraw as one connected isolated VFX","43a2744a-ca55-4c44-9c2c-ad5350d85b49","https://api.pixellab.ai/mcp/images/43a2744a-ca55-4c44-9c2c-ad5350d85b49/download?index=1","Assets/JoseonHunter/Art/Weapons/Runtime/Polish/Frost/frost_shatter_02.png","adopted",""
"Frost","shatter","repair-2","PixelLab repair prompt: preserve timing and palette; redraw as one connected isolated VFX","43a2744a-ca55-4c44-9c2c-ad5350d85b49","https://api.pixellab.ai/mcp/images/43a2744a-ca55-4c44-9c2c-ad5350d85b49/download?index=2","Assets/JoseonHunter/Art/Weapons/Runtime/Polish/Frost/frost_shatter_03.png","adopted",""
"Frost","shatter","repair-3","PixelLab repair prompt: preserve timing and palette; redraw as one connected isolated VFX","43a2744a-ca55-4c44-9c2c-ad5350d85b49","https://api.pixellab.ai/mcp/images/43a2744a-ca55-4c44-9c2c-ad5350d85b49/download?index=3","Assets/JoseonHunter/Art/Weapons/Runtime/Polish/Frost/frost_shatter_05.png","adopted",""
"Frost","shatter","repair-0","PixelLab repair prompt: preserve timing and palette; redraw as one connected isolated VFX","4d1e5abe-1213-486f-bd02-469264b0eb7d","https://api.pixellab.ai/mcp/images/4d1e5abe-1213-486f-bd02-469264b0eb7d/download?index=0","Assets/JoseonHunter/Art/Weapons/Runtime/Polish/Frost/frost_shatter_06.png","adopted",""
